tool	target	relative_dir	job_dir	valid_bb_count	status
fuzzware	betaflight_RP2350_RP2350B	betaflight_RP2350_RP2350B	/opt/artifact/benchmarks/drone_firmware/firmware_audit/fuzz_campaign_20260902_formal/fuzzware/betaflight_RP2350_RP2350B	0	failed
multifuzz	betaflight_RP2350_RP2350B	betaflight_RP2350_RP2350B	/opt/artifact/benchmarks/drone_firmware/firmware_audit/fuzz_campaign_20260902_formal/multifuzz/betaflight_RP2350_RP2350B	0	failed
fuzzware	betaflight_STM32F405_STM32F405	betaflight_STM32F405_STM32F405	/opt/artifact/benchmarks/drone_firmware/firmware_audit/fuzz_campaign_20260902_formal/fuzzware/betaflight_STM32F405_STM32F405	85652	prepared
multifuzz	betaflight_STM32F405_STM32F405	betaflight_STM32F405_STM32F405	/opt/artifact/benchmarks/drone_firmware/firmware_audit/fuzz_campaign_20260902_formal/multifuzz/betaflight_STM32F405_STM32F405	85652	prepared
fuzzware	betaflight_STM32F411_STM32F411	betaflight_STM32F411_STM32F411	/opt/artifact/benchmarks/drone_firmware/firmware_audit/fuzz_campaign_20260902_formal/fuzzware/betaflight_STM32F411_STM32F411	62885	prepared
multifuzz	betaflight_STM32F411_STM32F411	betaflight_STM32F411_STM32F411	/opt/artifact/benchmarks/drone_firmware/firmware_audit/fuzz_campaign_20260902_formal/multifuzz/betaflight_STM32F411_STM32F411	62885	prepared
fuzzware	betaflight_STM32H743_STM32H743	betaflight_STM32H743_STM32H743	/opt/artifact/benchmarks/drone_firmware/firmware_audit/fuzz_campaign_20260902_formal/fuzzware/betaflight_STM32H743_STM32H743	91890	prepared
multifuzz	betaflight_STM32H743_STM32H743	betaflight_STM32H743_STM32H743	/opt/artifact/benchmarks/drone_firmware/firmware_audit/fuzz_campaign_20260902_formal/multifuzz/betaflight_STM32H743_STM32H743	91890	prepared
fuzzware	inav_ANYFCF7_STM32F745	inav_ANYFCF7_STM32F745	/opt/artifact/benchmarks/drone_firmware/firmware_audit/fuzz_campaign_20260902_formal/fuzzware/inav_ANYFCF7_STM32F745	82926	prepared
multifuzz	inav_ANYFCF7_STM32F745	inav_ANYFCF7_STM32F745	/opt/artifact/benchmarks/drone_firmware/firmware_audit/fuzz_campaign_20260902_formal/multifuzz/inav_ANYFCF7_STM32F745	82926	prepared
fuzzware	inav_BETAFPVF435_AT32F435	inav_BETAFPVF435_AT32F435	/opt/artifact/benchmarks/drone_firmware/firmware_audit/fuzz_campaign_20260902_formal/fuzzware/inav_BETAFPVF435_AT32F435	79640	prepared
multifuzz	inav_BETAFPVF435_AT32F435	inav_BETAFPVF435_AT32F435	/opt/artifact/benchmarks/drone_firmware/firmware_audit/fuzz_campaign_20260902_formal/multifuzz/inav_BETAFPVF435_AT32F435	79640	prepared
fuzzware	inav_MATEKF405_STM32F405	inav_MATEKF405_STM32F405	/opt/artifact/benchmarks/drone_firmware/firmware_audit/fuzz_campaign_20260902_formal/fuzzware/inav_MATEKF405_STM32F405	83151	prepared
multifuzz	inav_MATEKF405_STM32F405	inav_MATEKF405_STM32F405	/opt/artifact/benchmarks/drone_firmware/firmware_audit/fuzz_campaign_20260902_formal/multifuzz/inav_MATEKF405_STM32F405	83151	prepared
fuzzware	inav_MATEKF722_STM32F722	inav_MATEKF722_STM32F722	/opt/artifact/benchmarks/drone_firmware/firmware_audit/fuzz_campaign_20260902_formal/fuzzware/inav_MATEKF722_STM32F722	65599	prepared
multifuzz	inav_MATEKF722_STM32F722	inav_MATEKF722_STM32F722	/opt/artifact/benchmarks/drone_firmware/firmware_audit/fuzz_campaign_20260902_formal/multifuzz/inav_MATEKF722_STM32F722	65599	prepared
fuzzware	inav_MATEKH743_STM32H743	inav_MATEKH743_STM32H743	/opt/artifact/benchmarks/drone_firmware/firmware_audit/fuzz_campaign_20260902_formal/fuzzware/inav_MATEKH743_STM32H743	89547	prepared
multifuzz	inav_MATEKH743_STM32H743	inav_MATEKH743_STM32H743	/opt/artifact/benchmarks/drone_firmware/firmware_audit/fuzz_campaign_20260902_formal/multifuzz/inav_MATEKH743_STM32H743	89547	prepared
fuzzware	inav_OMNIBUSF4_STM32F405	inav_OMNIBUSF4_STM32F405	/opt/artifact/benchmarks/drone_firmware/firmware_audit/fuzz_campaign_20260902_formal/fuzzware/inav_OMNIBUSF4_STM32F405	81189	prepared
multifuzz	inav_OMNIBUSF4_STM32F405	inav_OMNIBUSF4_STM32F405	/opt/artifact/benchmarks/drone_firmware/firmware_audit/fuzz_campaign_20260902_formal/multifuzz/inav_OMNIBUSF4_STM32F405	81189	prepared
fuzzware	inav_PIXRACER_STM32F405	inav_PIXRACER_STM32F405	/opt/artifact/benchmarks/drone_firmware/firmware_audit/fuzz_campaign_20260902_formal/fuzzware/inav_PIXRACER_STM32F405	79621	prepared
multifuzz	inav_PIXRACER_STM32F405	inav_PIXRACER_STM32F405	/opt/artifact/benchmarks/drone_firmware/firmware_audit/fuzz_campaign_20260902_formal/multifuzz/inav_PIXRACER_STM32F405	79621	prepared
fuzzware	ardupilot_CubeOrange_STM32H757	ardupilot_CubeOrange_STM32H757	/opt/artifact/benchmarks/drone_firmware/firmware_audit/fuzz_campaign_20260902_formal/fuzzware/ardupilot_CubeOrange_STM32H757	213727	prepared
multifuzz	ardupilot_CubeOrange_STM32H757	ardupilot_CubeOrange_STM32H757	/opt/artifact/benchmarks/drone_firmware/firmware_audit/fuzz_campaign_20260902_formal/multifuzz/ardupilot_CubeOrange_STM32H757	213727	prepared
fuzzware	ardupilot_KakuteF7_STM32F745	ardupilot_KakuteF7_STM32F745	/opt/artifact/benchmarks/drone_firmware/firmware_audit/fuzz_campaign_20260902_formal/fuzzware/ardupilot_KakuteF7_STM32F745	119934	prepared
multifuzz	ardupilot_KakuteF7_STM32F745	ardupilot_KakuteF7_STM32F745	/opt/artifact/benchmarks/drone_firmware/firmware_audit/fuzz_campaign_20260902_formal/multifuzz/ardupilot_KakuteF7_STM32F745	119934	prepared
fuzzware	ardupilot_MatekH743_STM32H743	ardupilot_MatekH743_STM32H743	/opt/artifact/benchmarks/drone_firmware/firmware_audit/fuzz_campaign_20260902_formal/fuzzware/ardupilot_MatekH743_STM32H743	209292	prepared
multifuzz	ardupilot_MatekH743_STM32H743	ardupilot_MatekH743_STM32H743	/opt/artifact/benchmarks/drone_firmware/firmware_audit/fuzz_campaign_20260902_formal/multifuzz/ardupilot_MatekH743_STM32H743	209292	prepared
fuzzware	ardupilot_Pixhawk1_STM32F427	ardupilot_Pixhawk1_STM32F427	/opt/artifact/benchmarks/drone_firmware/firmware_audit/fuzz_campaign_20260902_formal/fuzzware/ardupilot_Pixhawk1_STM32F427	212449	prepared
multifuzz	ardupilot_Pixhawk1_STM32F427	ardupilot_Pixhawk1_STM32F427	/opt/artifact/benchmarks/drone_firmware/firmware_audit/fuzz_campaign_20260902_formal/multifuzz/ardupilot_Pixhawk1_STM32F427	212449	prepared
fuzzware	ardupilot_Pixhawk4_STM32F765	ardupilot_Pixhawk4_STM32F765	/opt/artifact/benchmarks/drone_firmware/firmware_audit/fuzz_campaign_20260902_formal/fuzzware/ardupilot_Pixhawk4_STM32F765	209154	prepared
multifuzz	ardupilot_Pixhawk4_STM32F765	ardupilot_Pixhawk4_STM32F765	/opt/artifact/benchmarks/drone_firmware/firmware_audit/fuzz_campaign_20260902_formal/multifuzz/ardupilot_Pixhawk4_STM32F765	209154	prepared
fuzzware	ardupilot_Pixracer_STM32F405	ardupilot_Pixracer_STM32F405	/opt/artifact/benchmarks/drone_firmware/firmware_audit/fuzz_campaign_20260902_formal/fuzzware/ardupilot_Pixracer_STM32F405	208473	prepared
multifuzz	ardupilot_Pixracer_STM32F405	ardupilot_Pixracer_STM32F405	/opt/artifact/benchmarks/drone_firmware/firmware_audit/fuzz_campaign_20260902_formal/multifuzz/ardupilot_Pixracer_STM32F405	208473	prepared
fuzzware	px4_fmu-v2_STM32F427	px4_fmu-v2_STM32F427	/opt/artifact/benchmarks/drone_firmware/firmware_audit/fuzz_campaign_20260902_formal/fuzzware/px4_fmu-v2_STM32F427	140404	prepared
multifuzz	px4_fmu-v2_STM32F427	px4_fmu-v2_STM32F427	/opt/artifact/benchmarks/drone_firmware/firmware_audit/fuzz_campaign_20260902_formal/multifuzz/px4_fmu-v2_STM32F427	140404	prepared
fuzzware	px4_fmu-v3_STM32F427	px4_fmu-v3_STM32F427	/opt/artifact/benchmarks/drone_firmware/firmware_audit/fuzz_campaign_20260902_formal/fuzzware/px4_fmu-v3_STM32F427	251706	prepared
multifuzz	px4_fmu-v3_STM32F427	px4_fmu-v3_STM32F427	/opt/artifact/benchmarks/drone_firmware/firmware_audit/fuzz_campaign_20260902_formal/multifuzz/px4_fmu-v3_STM32F427	251706	prepared
fuzzware	px4_fmu-v4pro_STM32F469	px4_fmu-v4pro_STM32F469	/opt/artifact/benchmarks/drone_firmware/firmware_audit/fuzz_campaign_20260902_formal/fuzzware/px4_fmu-v4pro_STM32F469	250086	prepared
multifuzz	px4_fmu-v4pro_STM32F469	px4_fmu-v4pro_STM32F469	/opt/artifact/benchmarks/drone_firmware/firmware_audit/fuzz_campaign_20260902_formal/multifuzz/px4_fmu-v4pro_STM32F469	250086	prepared
fuzzware	px4_fmu-v5_STM32F765	px4_fmu-v5_STM32F765	/opt/artifact/benchmarks/drone_firmware/firmware_audit/fuzz_campaign_20260902_formal/fuzzware/px4_fmu-v5_STM32F765	249080	prepared
multifuzz	px4_fmu-v5_STM32F765	px4_fmu-v5_STM32F765	/opt/artifact/benchmarks/drone_firmware/firmware_audit/fuzz_campaign_20260902_formal/multifuzz/px4_fmu-v5_STM32F765	249080	prepared
fuzzware	px4_fmu-v5x_STM32F765	px4_fmu-v5x_STM32F765	/opt/artifact/benchmarks/drone_firmware/firmware_audit/fuzz_campaign_20260902_formal/fuzzware/px4_fmu-v5x_STM32F765	254804	prepared
multifuzz	px4_fmu-v5x_STM32F765	px4_fmu-v5x_STM32F765	/opt/artifact/benchmarks/drone_firmware/firmware_audit/fuzz_campaign_20260902_formal/multifuzz/px4_fmu-v5x_STM32F765	254804	prepared
fuzzware	px4_fmu-v6c_STM32H743	px4_fmu-v6c_STM32H743	/opt/artifact/benchmarks/drone_firmware/firmware_audit/fuzz_campaign_20260902_formal/fuzzware/px4_fmu-v6c_STM32H743	237691	prepared
multifuzz	px4_fmu-v6c_STM32H743	px4_fmu-v6c_STM32H743	/opt/artifact/benchmarks/drone_firmware/firmware_audit/fuzz_campaign_20260902_formal/multifuzz/px4_fmu-v6c_STM32H743	237691	prepared
fuzzware	px4_fmu-v6x_STM32H753	px4_fmu-v6x_STM32H753	/opt/artifact/benchmarks/drone_firmware/firmware_audit/fuzz_campaign_20260902_formal/fuzzware/px4_fmu-v6x_STM32H753	250371	prepared
multifuzz	px4_fmu-v6x_STM32H753	px4_fmu-v6x_STM32H753	/opt/artifact/benchmarks/drone_firmware/firmware_audit/fuzz_campaign_20260902_formal/multifuzz/px4_fmu-v6x_STM32H753	250371	prepared
