firmware,table_name,cfgfast_bbs,table_bbs,delta,delta_pct,method,degrade_reason,angr_version,elf_sha256
px4_fmu-v5x_STM32F765,px4_fmu-v5x_F765,139937,136128,3809,2.8,cfg_fast,data_references_disabled_workaround_irsb_none,9.2.14,51e79a9eac697da984fb2eee020b3157b6f9a8721004cb18cc5ccb2539b253dc
px4_fmu-v3_STM32F427,px4_fmu-v3_F427,128654,132635,-3981,-3.0,cfg_fast,,9.2.14,5a6def995f4db74fe441ab51fbdf5050406913ff985103226c8e6bb8ffb31045
px4_fmu-v4pro_STM32F469,px4_fmu-v4pro_F469,127275,131973,-4698,-3.6,cfg_fast,,9.2.14,6d231eff2f01f9733d8bc430fed9b52876ef5517b53dd01073c1169e3e13a173
px4_fmu-v6x_STM32H753,px4_fmu-v6x_H753,126688,131909,-5221,-4.0,cfg_fast,,9.2.14,2f09702ca2e80aebe0460a37ea66ae3da088c64a44b1e6f144f35a43db3abcff
px4_fmu-v5_STM32F765,px4_fmu-v5_F765,125241,131320,-6079,-4.6,cfg_fast,,9.2.14,0f00f334622fbac3d89c1906184e59075e113ba21e99ff1882aeef6d0f7c5fc5
px4_fmu-v6c_STM32H743,px4_fmu-v6c_H743,120246,124756,-4510,-3.6,cfg_fast,,9.2.14,1868b6571f46a277379c9ac1b3c14f40a72a7a0a0d056ba2a1736d58cc93e382
ardupilot_CubeOrange_STM32H757,ardupilot_CubeOrange_H757,117077,119347,-2270,-1.9,cfg_fast,,9.2.14,9ef06cafaceb7b1097c32f724511e2c70cfe0db707a7d030648d437e938578aa
ardupilot_Pixhawk1_STM32F427,ardupilot_Pixhawk1_F427,116014,118513,-2499,-2.1,cfg_fast,,9.2.14,35874d5d4b775310dfb360291b24fd69f9a4dcf46182ab5d96bce9184215f400
ardupilot_MatekH743_STM32H743,ardupilot_MatekH743,114002,116748,-2746,-2.4,cfg_fast,,9.2.14,6ec4508fe08c883c37a7cc04c2fbe90a685b03505033b42c1a617d34d443db6a
ardupilot_Pixhawk4_STM32F765,ardupilot_Pixhawk4,113224,116791,-3567,-3.1,cfg_fast,,9.2.14,94f8ccb198e090a599e8142b36f0c830bcf38aee9718a249820b7a8e3e4864da
ardupilot_Pixracer_STM32F405,ardupilot_Pixracer_F405,112262,116436,-4174,-3.6,cfg_fast,,9.2.14,5deeab535090042b8a51a7c47773bb52484b6aad03fded5da2533d8d274061f9
px4_fmu-v2_STM32F427,px4_fmu-v2_F427,72137,74539,-2402,-3.2,cfg_fast,,9.2.14,cb1b0c7ea1fee771456907cc66aba877ebbd5142c9303532fdfa77be19e70bfb
ardupilot_KakuteF7_STM32F745,ardupilot_KakuteF7,64642,66920,-2278,-3.4,cfg_fast,,9.2.14,459c0ffb834316d7d61620a1f4ed618e655117e32a53d5d486924cd64937cf1b
betaflight_STM32H743_STM32H743,betaflight_H743,43930,45688,-1758,-3.8,cfg_fast,,9.2.14,accb5bdf9311f57092c291aeab20f47e288183d73003337cd0775c70366a325e
inav_MATEKH743_STM32H743,inav_MATEKH743,42178,43738,-1560,-3.6,cfg_fast,,9.2.14,e6659bc55ec8aba99b0d262443d25bc942e01a48a1d29ea9cf525eaacc16b038
betaflight_STM32F405_STM32F405,betaflight_F405,39333,41264,-1931,-4.7,cfg_fast,,9.2.14,085ff97d37bd9f84935c197c8870c30838dfc1c663950256ce58d46ff83fbaf6
inav_ANYFCF7_STM32F745,inav_ANYFCF7,38809,40551,-1742,-4.3,cfg_fast,,9.2.14,95208186809e4e1b2ba83e09753873e8305f6de2bd1f50ecd81cb9d63e395b33
inav_MATEKF405_STM32F405,inav_MATEKF405,38785,40287,-1502,-3.7,cfg_fast,,9.2.14,18ddc7d63788c652d834c32e1b291845014f6179a1a73391b3ff7a6dbce0571c
inav_OMNIBUSF4_STM32F405,inav_OMNIBUSF4,37824,39333,-1509,-3.8,cfg_fast,,9.2.14,a66ca4adda1bdabe8afaddbb018e8b9c289913861f8dc45b8408ad02f6824194
inav_PIXRACER_STM32F405,inav_PIXRACER,37022,38940,-1918,-4.9,cfg_fast,,9.2.14,f1f1bbd51be006850023c3cc910f3d0161070b4e98867d3382c6b97c54f2c02b
inav_BETAFPVF435_AT32F435,inav_BETAFPVF435,36952,38373,-1421,-3.7,cfg_fast,,9.2.14,eccdd00f1585d4b8acf72f124ab075e87c7241b098ed8397e1f63f9e5a3b460f
betaflight_RP2350_RP2350B,,34039,,,,cfg_fast,,9.2.14,6c3c9cb67551189fe07d4da96f5c53f1d9c2a38329b2e25dd7164f12e5dde951
inav_MATEKF722_STM32F722,inav_MATEKF722,32611,33506,-895,-2.7,cfg_fast,,9.2.14,9e4f3676d939d9645bc4f579c58a9d865e8807e8d3482b40035ed08248fbec92
betaflight_STM32F411_STM32F411,betaflight_F411,29443,30717,-1274,-4.1,cfg_fast,,9.2.14,e7c1401f244a1ffc2c7bd257d8eeabb7fa3a887fc62a5a9fc246cbf8880efd90
